,,Fundamentals adidas AG,Historical key data adidas AG,Historical prices and volumes adidas AG,Master data adidas AG,News about adidas AG,Performance adidas AG,Price information adidas AG,Related indices,Technical key data adidas AG,Trading parameters Frankfurt,constituent_ISIN,constituent_name
0,"                            0                  1
0                         NaN  11/10/19 16:51:40
1                         Bid                Ask
2                      279.35             279.40
3               for 100 units      for 100 units
4         Change to prev. day       0.75 / 0.27%
5  Spread absolute / relative       0.05 / 0.02%","                       0         1
0        Dividend (2018)      3.35
1    Dividend yield in %      1.84
2              P/E Ratio     21.60
3       Profit per share      8.44
4       Number of shares  199.17 m
5  Market capitalization  55.58 bn","                       Unnamed: 0       2014       2015       2016       2017       2018
0    Financial reporting currency        EUR        EUR        EUR        EUR        EUR
1                   Sales in mio.   14534.00   16915.00   19291.00   21218.00   21915.00
2            Gross profit in mio.    6924.00    8168.00    9379.00   10703.00   11363.00
3                    EBIT in mio.     883.00    1059.00    1491.00    2070.00    2368.00
4                     EBT in mio.     835.00    1039.00    1444.00    2023.00    2378.00
5     Income tax payments in mio.     271.00     353.00     426.00     668.00     669.00
6      Result after taxes in mio.     564.00     686.00    1019.00    1354.00    1709.00
7          Minority share in mio.      -6.00      -6.00      -3.00      -3.00      -3.00
8       Net income / loss in mio.     490.00     634.00    1017.00    1097.00    1702.00
9    Total current assets in mio.    7347.00    7497.00    8886.00    8645.00    9813.00
10           Fixed assets in mio.    5070.00    5846.00    6290.00    5877.00    5799.00
11                 Assets in mio.   12417.00   13343.00   15176.00   14522.00   15612.00
12        Short-term debt in mio.    4378.00    5364.00    6765.00    6291.00    6834.00
13         Long-term debt in mio.    2422.00    2332.00    1957.00    1796.00    2414.00
14             Total debt in mio.    6800.00    7696.00    8722.00    8087.00    9248.00
15           Total equity in mio.    5624.00    5666.00    6472.00    6450.00    6377.00
16            Liabilities in mio.   12417.00   13343.00   15176.00   14522.00   15612.00
17  Shares in circulation in mio.     204.33     200.20     201.49     203.86     199.17
18     Subscribed capital in mio.     204.00     200.00     201.00     204.00     199.00
19     Earnings per share (basic)       2.35       3.15       5.08       5.42       8.44
20   Earnings per share (diluted)       2.35       3.15       4.99       5.38       8.42
21     Earnings per share (gross)       4.09       5.19       7.17       9.92      11.94
22             Dividend per share       1.50       1.60       2.00       2.60       3.35
23       Extra dividend per Share        NaN        NaN        NaN        NaN        NaN
24               Dividend in mio.     306.00     320.00     405.00     530.00     666.00
25                Sales per share      71.00      84.00      96.00     104.00     110.00
26           Book value per share      27.52      28.30      32.12      31.64      32.02
27             Cashflow per share       3.43       5.44       6.69       8.08      13.29
28         Total assets per share      60.77      66.65      75.32      71.23      78.38
29                            P/E      24.50      28.50      29.60      30.80      21.60
30                            KUV       0.81       1.06       1.57       1.61       1.66
31                      P/B Ratio       2.09       3.18       4.67       5.28       5.70
32                            KCV      16.80      16.51      22.44      20.68      13.73
33                 Dividend yield       2.60       1.78       1.33       1.56       1.84
34                 Earnings yield       4.10       3.50       3.40       3.20       4.60
35               Return on equity       8.71      11.19      15.71      17.01      26.69
36                Return on sales       3.37       3.75       5.27       5.17       7.77
37         Total return on Assets       4.49       5.25       7.19       8.19      11.20
38                            ROI       3.95       4.75       6.70       7.55      10.90
39                 Work intensity      59.17      56.19      58.55      59.53      62.86
40                   Equity Ratio      45.29      42.46      42.65      44.42      40.85
41                     Debt ratio      54.71      57.54      57.35      55.58      59.15
42               Debt Quity ratio     120.79     135.49     134.49     125.15     144.82
43        Working Capital in mio.    2969.00    2133.00    2121.00    2354.00    2979.00
44            Number of employees   53731.00   55555.00   60617.00   56888.00   57016.00
45     Personnel expenses in mio.    1842.00    2184.00    2532.00    2549.00    2481.00
46             Sales per employee  270496.00  304473.00  318244.00  372978.00  384366.00
47              Cost per employee   34281.89   39312.39   41770.46   44807.34   43514.10
48      Gross profit per employee  128864.00  147025.00  154726.00  188142.00  199295.00
49          Earnings per employee    9120.00   11412.00   16777.00   19284.00   29851.00","        Date    Open   Close    High     Low  Volume €  Volume units
0   10/10/19  278.20  278.40  279.85  274.50    186327           671
1   09/10/19  270.65  277.90  278.85  270.65    173610           626
2   08/10/19  272.75  270.20  273.75  270.20    158406           581
3   07/10/19  272.05  272.10  272.40  270.30    188502           694
4   04/10/19  270.05  271.25  271.70  266.40    162993           603
5   02/10/19  281.45  269.90  281.55  268.45    358868          1314
6   01/10/19  285.95  280.90  286.20  280.90     45382           160
7   30/09/19  284.30  285.95  286.00  282.00    149147           525
8   27/09/19  279.70  284.45  285.00  279.70    207344           732
9   26/09/19  270.45  279.05  279.05  270.45    162010           586
10  25/09/19  274.80  269.00  276.25  269.00    147157           538
11  24/09/19  273.05  272.60  275.95  271.80     62622           228
12  23/09/19  274.10  273.55  274.10  273.55     14240            52
13  20/09/19  273.85  275.60  276.00  273.85    140928           513
14  19/09/19  273.15  274.90  275.25  272.45     84053           307
15  18/09/19  270.75  273.55  273.55  270.75     88908           327
16  17/09/19  268.20  271.05  271.70  268.00    135083           498
17  16/09/19  271.00  268.90  271.00  268.45    148933           552
18  13/09/19  275.75  272.10  276.50  271.10    147405           540
19  12/09/19  271.95  275.45  277.00  271.95     85990           312
20  11/09/19  272.25  270.65  272.25  268.00     92715           343
21  10/09/19  277.45  271.10  278.00  268.70    144229           528
22  09/09/19  280.65  276.95  280.65  276.95    140385           503
23  06/09/19  275.25  278.65  279.55  275.00    201276           726
24  05/09/19  275.40  275.00  275.40  272.00     97421           355
25  04/09/19  271.60  273.10  274.75  271.60    192101           704
26  03/09/19  269.70  270.55  271.75  269.30     56252           208
27  02/09/19  269.80  269.45  270.00  268.05    103757           385
28  30/08/19  267.65  269.50  271.50  267.65    318199          1180
29  29/08/19  264.85  266.95  266.95  264.85     75160           282
30  28/08/19  263.60  265.25  265.25  260.10     55727           212
31  27/08/19  261.50  263.85  263.90  261.50      4733            18
32  26/08/19  256.90  260.25  262.50  256.20     97135           374
33  23/08/19  263.90  259.00  263.90  259.00     37091           141
34  22/08/19  265.50  262.65  265.50  262.35    170117           645
35  21/08/19  260.95  266.25  266.25  260.95     81408           308
36  20/08/19  260.00  261.05  262.05  260.00     86541           331
37  19/08/19  259.95  260.05  261.00  258.90    135815           522
38  16/08/19  258.10  257.60  258.10  255.85     97178           378
39  15/08/19  254.60  256.50  259.20  253.95    507969          1983
40  14/08/19  261.95  255.65  264.00  253.00    210459           814
41  13/08/19  262.00  262.05  263.20  256.55    349897          1339
42  12/08/19  260.80  261.85  263.20  259.20    291372          1118
43  09/08/19  266.95  260.80  266.95  259.00    450316          1724
44  08/08/19  260.45  268.40  271.25  254.55    859909          3259
45  07/08/19  272.10  274.30  275.85  272.10    123065           449
46  06/08/19  268.10  271.95  271.95  268.00    309866          1146
47  05/08/19  278.95  266.65  278.95  264.85    754820          2781
48  02/08/19  291.50  281.20  292.70  279.40   1180412          4151
49  01/08/19  288.75  295.00  297.95  288.35    788787          2695","           0                                    1
0    Segment                       Prime Standard
1     Market                     Regulated Market
2       Type                        Common shares
3       Form                     Registered share
4    Country                              Germany
5   Industry  Consumer goods/food/breweries/paper
6     Sector                             Consumer
7  Subsector                  Clothing & Footwear","            0                                                  1
0       10:39  AKTIE IM FOKUS 2: Hugo-Boss-Aktionäre ziehen n...
1  07/10/2019              DGAP-Stimmrechte: adidas AG (deutsch)
2  04/10/2019              DGAP-Stimmrechte: adidas AG (deutsch)
3  02/10/2019  ANALYSE-FLASH: RBC belässt Adidas auf 'Outperf...
4  02/10/2019              DGAP-Stimmrechte: adidas AG (deutsch)
5  01/10/2019              DGAP-Stimmrechte: adidas AG (deutsch)
6  27/09/2019              DGAP-Stimmrechte: adidas AG (deutsch)
7  26/09/2019  AKTIE IM FOKUS: Positive Hauck-Studie hilft Ad...
8  25/09/2019  ANALYSE-FLASH: Macquarie belässt Adidas auf 'O...","        Period 1 month 3 months 6 months  1 year 2 years 3 years
0          Low  266.40   253.00   225.00  178.30  165.30  130.00
1         High  286.20   297.95   297.95  297.95  297.95  297.95
2  Performance   3.14%    0.34%   23.55%  44.94%  44.00%  79.59%","                                0                1
0                Turnover in euro           202795
1               Turnover in units              734
2                   Price fixings               19
3  Closing price prev trading day           278.40
4                       Day range  272.00 / 279.55
5                   52 week range  178.30 / 297.95
6                   Trading hours      08:00-20:00","                               0
0                            DAX
1                  Euro Stoxx 50
2             HDAX (Performance)
3             CDAX (Performance)
4  Prime All Share (Performance)","                       0      1
0          Alpha 30 days  0.000
1         Alpha 250 days  0.001
2           Beta 30 days  1.406
3          Beta 250 days  0.967
4    Correlation 30 days  0.724
5   Correlation 250 days  0.568
6   Sharpe ratio 30 days  0.108
7  Sharpe ratio 250 days  1.728
8     Volatility 30 days  0.266
9    Volatility 250 days  0.263","                        0                   1
0  Minimum tradeable unit                   1
1              Specialist      BAADER BANK AG
2           Trading model  Continuous Auction
3       CCP eligible code                 Yes",DE000A1EWWW0,adidas AG
